<?xml version="1.0" encoding="UTF-8"?>
<Configuration status="DEBUG">
    <Appenders>
        <!-- File Appender with Daily Rotation -->
        <RollingFile name="FileAppender" fileName="D:/logs/Product.log"
                     filePattern="D:/logs/Product-%d{yyyy-MM-dd}.log">
            <PatternLayout pattern="%d{yyyy-MM-dd HH:mm:ss} %-5level %logger{36} - %msg%n"/>
            <Policies>
                <!-- Rotate log file every day at midnight -->
                <TimeBasedTriggeringPolicy interval="1" modulate="true"/>
            </Policies>
            <DefaultRolloverStrategy max="30"/> <!-- Keep 30 days of logs -->
        </RollingFile>

        <!-- Console Appender -->
        <Console name="ConsoleAppender">
            <PatternLayout pattern="%d{yyyy-MM-dd HH:mm:ss} %-5level %logger{36} - %msg%n"/>
        </Console>  
    </Appenders>

    <Loggers>
        <!-- Root logger configuration -->
        <Root level="info">
        <AppenderRef ref="FileAppender"/>  
            <AppenderRef ref="ConsoleAppender"/>
        </Root>
    </Loggers>
</Configuration>
